{
  "ultimate_hybrid": {
    "return": 426.3595147622211,
    "max_dd": -65.56312155571278,
    "avg_dd": -25.902834220025433
  },
  "risk_adjusted_trend": {
    "return": 400.89558669463264,
    "max_dd": -65.09787303595444,
    "avg_dd": -22.135052209006275
  },
  "ultra_ensemble": {
    "return": 421.5171944004951,
    "max_dd": -70.4927404211627,
    "avg_dd": -23.962809016135683
  },
  "volatility_adaptive": {
    "return": 310.5889191658629,
    "max_dd": -79.47027564777903,
    "avg_dd": -23.04464743586654
  }
}